cliente_id,idade,renda_anual,compras_anuais,valor_total_compras
1,60,52534.1329053429,35.5153012060767,20994.3048877352
2,65,80693.550641432,24.113801760582,26500.596743309
3,22,64495.9188659899,40.6161704998032,25501.8058087896
4,38,65830.1454398357,34.6689304592852,24987.968895923
5,48,54081.0571570862,24.4994228229436,20839.1453510534
6,53,84821.7591184694,9.27745372308317,26891.8003893131
7,44,69002.7113781944,21.7754439588633,23514.1301807007
8,40,56032.4192478735,10.5929107592252,18784.6374567534
9,20,80732.5988212666,31.2585295579019,29448.5396997906
10,32,70069.9923239225,30.9798850572838,25253.2689343865
11,59,61898.6622117345,27.8181288970846,22118.978113064
12,56,59596.7811347457,28.0677139237277,21766.4496178876
13,24,70960.3220250024,25.1872453960453,24314.5656460853
14,51,80966.6640637142,21.3861970970393,26314.7746790274
15,48,68323.2918217388,16.2215123866265,23432.5436362376
16,35,63947.1340311633,2.01669458149694,19235.0767788549
17,35,79835.8086348843,25.2348465918851,27809.1884342641
18,52,79080.224079183,25.5277509070559,29691.8602510248
19,57,80619.4517231394,63.517579714833,33694.5566517224
20,63,72620.4867698502,41.6908173576239,27045.0817635391
21,26,62544.6501000987,31.3151186526554,22916.8996080633
22,32,73775.2374559615,16.8403552207615,24597.8821181193
23,34,66156.23487741,12.0512248412068,21469.8468088213
24,24,48100.2600431007,32.000457337639,17637.9465577263
25,47,72992.91928471,15.0503335296147,24309.5324025395
26,25,77725.4445833825,33.5235039588834,28643.5928994253
27,18,73583.9766006479,28.3354522133853,26374.6379621255
28,26,71865.5281248118,18.211605275595,22383.7544562991
29,52,70603.2227758229,20.8610416569675,24954.1561394265
30,42,74420.1022968155,26.8060951364426,27179.2605105013
31,19,63742.3935393151,19.6596142709302,22347.1186659708
32,28,58010.5120157769,25.5568339948734,21888.2133269071
33,21,71155.8093516523,20.0152937748955,23109.0542622428
34,57,63177.8729946756,39.706608825791,25702.3526045974
35,37,74877.9367033693,27.2503897171197,26466.5559890803
36,28,57655.4169714329,22.1746640482976,20606.2814968154
37,35,83692.3630730501,21.5558219661306,30025.5962042703
38,31,82026.6762412555,15.7321114849426,26679.2844804241
39,20,61418.6440667563,39.8766406606443,25441.6240308024
40,45,82062.1643240585,22.0287070134858,25915.6590351861
41,20,57665.1192765992,26.9587710778735,20937.1862732155
42,63,67075.5965352831,28.8630524007852,24614.9414240307
43,45,69247.6916547956,19.4972014846967,22158.2351872222
44,46,77900.139142397,23.5332132303486,27877.6544666975
45,56,75208.3528894233,49.1717450672506,31796.4843019793
46,40,57214.5216670915,20.1827737746575,19575.3980671418
47,32,63930.2158866908,20.8124035906421,22682.686737341
48,40,68335.7634793887,37.7879340316658,24968.3683471187
49,41,74796.8645988756,11.5677418662336,26212.5397062367
50,57,80687.2624113103,25.7745330881857,28830.9927915834
51,50,64605.9609041738,35.1627541496775,24207.9644636667
52,54,73605.978698238,29.7144437750769,25616.681655183
53,46,71530.2650786155,33.4501620555366,26281.9224230456
54,66,68048.4431848907,18.62127228558,22984.7860755311
55,23,69377.7344497539,34.0078176645637,26314.3622532701
56,42,64201.5343615399,34.6531455561051,23440.5376788179
57,59,69278.4409553012,4.35684945738883,21458.5096564096
58,43,83450.6891788975,31.6839190938549,27005.9283433642
59,41,49540.2889387731,21.5388904621069,19291.214106214
60,61,67348.4428495399,21.4048350144378,23118.4924673016
61,49,60802.6222000393,25.9703120004204,22122.6061536023
62,25,76983.9728596395,22.5547463888426,27367.2008823789
63,33,74721.1249995638,30.1228284918501,26178.8509396127
64,56,50262.7669560197,41.2537932468979,20747.3643069251
65,49,69381.1754352027,28.4939582272524,24459.3290196497
66,56,92070.823641413,10.9705471396862,27966.1511974026
67,18,70964.8356346555,34.039511985832,27409.3334621898
68,47,80947.0702879887,26.8101972814243,28188.7855255862
69,42,72367.8033941958,50.8787592380113,28697.6827065044
70,60,81728.0311447541,15.5377892614597,27447.9926785587
71,20,65843.2061939812,25.9778608609779,22754.6525181549
72,39,73450.2251183213,30.2062111677376,25456.8516460549
73,34,69255.3349532891,30.9254957638291,24810.3460982957
74,37,73856.9922992204,20.0038093722839,25177.5556765994
75,52,50838.8985255941,16.7697262180746,16897.6717519185
76,31,59141.2449768749,37.7514363976647,24060.7066849988
77,54,68597.9980620404,14.3570085447357,21478.6985348436
78,67,66476.0552301936,26.0758016592551,24114.1495255885
79,41,78099.4881351577,30.3348710425654,28667.1612216927
80,47,67448.4491709572,32.1019085940362,23706.2936682109
81,25,69909.1457332758,46.4668957838981,25895.9488105033
82,37,78662.5665537927,5.90366924590549,26144.8550632229
83,27,75743.2218678008,21.5959739240915,25285.7333998542
84,39,67641.2665484872,4.3362846163868,20540.4106296839
85,67,75558.2276824354,14.957055112815,25955.7289653179
86,34,70682.9766161052,30.6456069091734,26611.7116764878
87,26,73875.1721588098,5.59192629832318,22548.8137652979
88,52,77093.5225138924,32.889533338031,26468.5029900183
89,54,64111.846215872,13.6952734737235,20815.8058367096
90,38,56639.8043021695,30.7338130661703,21914.4120525446
91,33,78223.812728701,15.6506810869162,26915.587832869
92,69,56446.9613877242,20.8999934146419,21119.8092036704
93,43,71720.8441840438,26.5691106131705,25885.0580703557
94,52,66500.226709059,19.2236675653641,22276.6669848315
95,52,76381.7841194127,30.3600494028711,29902.3298239625
96,43,89176.9109522761,30.6858611317799,31621.9514680398
97,30,64374.10591606,22.6785966994448,24986.0981099897
98,53,68945.0281740091,5.30764272410601,21526.1891325282
99,64,72289.8654344234,27.187623241782,25483.4415065551
100,42,62821.1213718899,7.98149023146409,21465.5091245234
101,45,66483.3600815406,36.2706931557721,26411.0476587269
102,68,59067.8810024326,27.7846103427294,22210.7488021744
103,46,55794.5629531158,33.3054148692998,20313.8264466295
104,30,62006.7933977926,30.2537796803331,21361.6874956441
105,61,71897.4776239451,24.940855295163,25873.8283383623
106,38,69883.840377176,22.9595369457849,24169.2439746354
107,42,61858.0361053602,19.7719225101363,22346.8424525573
108,46,66031.7572555499,19.038990612162,23328.7677583053
109,37,65785.1171495203,17.4523632620643,21599.46331323
110,46,64386.8428147814,39.092757224425,23559.5348079616
111,30,61130.0702637544,18.6127400615707,22976.0741235988
112,30,72732.919757369,26.5994779954085,26386.7795436962
113,52,74633.7484562263,29.421297260363,29118.1665176399
114,69,64593.1702030293,2.55130065340141,20283.9757152935
115,22,81699.2650452636,16.7808882749454,26895.2004175638
116,30,78606.4136118837,15.0350001251131,26298.4093498525
117,40,65410.8913102935,27.917231733608,23902.1258595199
118,45,60884.4479881338,22.628118573853,19612.8797084575
119,61,73645.7578107477,22.5313306269932,26517.3958627145
120,25,65899.1078638239,28.1770394613072,23353.0897233181
121,55,69229.5041444753,20.9294207497644,23719.5570176296
122,41,76730.7041781648,20.9167199539038,26485.5237169263
123,33,70584.4145546048,31.4708098916537,25946.1600459887
124,28,64781.2852218514,9.0685039639814,21272.2259963615
125,40,63929.4594682045,28.937195508883,23252.5580061122
126,47,72756.1208631816,15.9892313824938,22274.4292439202
127,49,72917.8999754925,13.6837630965019,24407.6926317186
128,44,66263.2350310001,25.0502013226764,22842.4391745529
129,61,72933.3221234113,36.3980576969114,27808.8540600035
130,65,62182.0422238421,32.0534850787007,23263.4670421209
131,32,85156.4419415668,14.9168776329537,27532.8126436918
132,18,57915.4488806735,37.0737147618567,23959.9461627595
133,61,83958.5585768298,23.9150171462812,29247.4843220385
134,27,71056.0135495346,30.4509725674895,25985.5686183776
135,39,70009.5481605098,38.7848568158638,27062.4418800083
136,59,58703.7046570665,23.3632310391692,22309.1114770919
137,53,76627.6762313266,14.9486995127523,26251.5576454836
138,58,80968.8036269544,31.4358721985714,27472.0275595593
139,42,61325.1738665426,21.1719980305913,22627.4324668833
140,47,75989.9885918071,5.15645403186025,24732.427771674
141,69,81294.3914330156,28.9247561607389,28403.1916378185
142,54,84591.5173098216,26.1903629317558,29243.3853100757
143,44,62693.5173876617,17.5952299021733,22316.9568531718
144,26,61384.8225047444,32.5935674922014,23945.5876483404
145,36,68127.9069895915,10.7040016653585,23237.0958012517
146,52,71349.9964105872,16.5639210837343,24076.680244371
147,51,62611.1705366855,28.0994851905106,21893.9567508743
148,40,63789.5796466741,14.5791946154348,20421.190982447
149,29,79448.8819735361,23.1180140982629,26673.7281390921
150,32,68585.7583896628,9.2173965764006,20348.7911626213
151,66,78225.409809159,36.9011275167863,28046.8001426594
152,52,65764.2851395302,42.8018405637595,26363.7533761939
153,46,77878.5296511154,35.5504463493788,29239.311679717
154,24,70689.716349638,39.4375919210539,27641.0775032846
155,46,69027.1026671634,19.0835344405338,24847.7378629123
156,62,54147.5168297516,39.1419218170458,21404.4414490667
157,63,57913.3642024453,29.4684373592994,22313.1810365323
158,51,76042.1516458772,12.911281396074,25237.175476588
159,26,58994.0812757241,21.7640043767452,18951.6685750878
160,64,60938.7221158626,41.4859020660269,25006.276483184
161,70,71389.1751760867,28.7083106714311,25334.2505510281
162,18,77781.4056631301,25.8121916061276,27149.3047450827
163,27,67503.0029151173,35.6781026276751,25950.5114413091
164,58,77054.9197040173,11.8582199542397,24976.6053561312
165,58,59295.7617670317,34.7500703122806,22984.3999804983
166,56,78526.9400226634,16.3939219450539,26299.0220610771
167,67,76485.2802448867,7.15193155281646,23008.8546392765
168,61,65467.4651090358,27.2950632952119,23159.0860261836
169,40,72604.5773685012,37.6488853648364,28223.9636039172
170,23,80245.7625227161,17.858993235862,26773.5568167858
171,49,61476.8308114225,9.97689733496905,21727.3825782111
172,56,62415.9096442172,31.2684078191887,24617.9644019184
173,33,70256.2657458119,16.2142736262532,23994.3879328277
174,43,66413.0121029963,19.5206092516322,22277.4208666266
175,33,67896.8866521921,31.1023176328125,25225.6383674654
176,19,75475.2847754121,31.8003832895145,27060.6848547899
177,51,71857.3636013062,21.8243417950671,26226.7351069672
178,31,82961.6902973388,37.5261482730218,32969.7341200686
179,47,61295.6029624164,21.0060934996047,22692.5713709099
180,45,74415.755483735,33.1276665307167,25796.5464253362
181,38,70210.3076133767,25.8039585013501,24931.5173590932
182,40,61749.4792156533,37.1774474204799,23366.8712121001
183,47,55583.8337095175,34.5327491040091,21645.2640361245
184,42,75633.9724339,26.440534097455,26726.8718488716
185,56,69295.0868434324,22.1665601525516,24070.198482145
186,23,59022.285462836,35.4550270664275,24279.094974303
187,21,72488.4885630026,22.9038294909491,26632.5888715314
188,20,69167.7701664377,30.9728322948154,25760.7576107871
189,63,83580.8412986915,9.18431408158084,27209.0998493064
190,68,62131.9351536753,28.91504050288,22269.5742123108
191,63,77145.8216485804,16.0389828367982,25257.6885849773
192,65,64551.0318763777,33.0919741008539,25214.7708720417
193,27,57599.21722988,41.9891934536056,25669.8018341079
194,45,80011.4509686268,9.54008521112774,26366.979954708
195,29,50626.6335276479,35.2255789669874,20720.6772785527
196,67,72313.7666819089,22.4996076368353,25837.8620707689
197,20,74684.1321399809,12.0339823730495,25336.657833809
198,18,73440.4136223175,26.351017877722,26987.6561191848
199,61,64867.4203680657,31.2185780089125,23840.9881343303
200,66,62162.7364562863,14.8687724670851,20980.9026777548
201,50,74079.2411396266,23.3681760974208,24168.1931574441
202,53,70899.9933245665,34.6663710666542,25592.3645427529
203,68,60306.7873969371,28.4748526219163,21037.8208432782
204,30,61742.3705100797,26.6637782645018,22399.3573620919
205,67,60907.9595722832,12.5218943457404,19841.1217193538
206,32,53831.4953127033,15.151868479671,18957.6820241397
207,30,78957.8672847363,29.4122656831088,28743.8904828718
208,63,68812.2918757415,18.7771065530044,22637.6206098729
209,47,66764.9171775281,1.98888270253722,19751.609870431
210,35,82547.6784449953,30.3537822286224,29455.0933323693
211,61,75191.182376311,44.5390196691452,29268.4861481281
212,67,83233.2841332567,37.3187782262819,30982.1309199565
213,56,89372.1993964062,20.9681786429755,28806.6088826103
214,43,65989.6441564815,12.6621235734445,21020.9624139453
215,53,71807.8351163397,21.8102900067884,25367.5298576933
216,53,92663.2406588016,29.2872279232968,32858.0266069727
217,20,77667.8050012039,24.1063620002761,26761.9414487516
218,42,88584.4657272783,26.3280915416096,32008.7644460236
219,28,75060.220412731,33.5955077511128,29258.3125160918
220,68,72828.4708220725,16.634561376587,23608.4532128457
221,47,81893.4302657144,27.8702200178501,29598.6318473379
222,33,79035.7588163552,30.1664756830693,29243.5303742099
223,64,68220.8339239013,41.4870228390432,26739.9514302484
224,28,69986.4418553521,-4.26628588305173,20484.8441165352
225,55,66574.4569729895,20.9897603523305,24966.8250131015
226,49,81259.9845964542,-2.3351267667681,24913.8654897639
227,48,65485.3838738236,20.4452950046652,22776.529713553
228,54,71426.0886989374,34.3584973183302,27152.1124912175
229,19,59341.525104249,21.591751351266,20709.4097060582
230,39,81684.0936465077,21.9882747414017,28692.5680010122
231,34,81116.775540977,32.448420106712,29929.9763005576
232,22,61794.0598886064,17.9678721097598,24013.7111384225
233,68,59939.7610048488,37.1674243289364,23254.8228442104
234,32,76488.8831788207,38.1937278288724,28368.2089262413
235,68,68424.2870727932,26.3882873068791,22610.5880371896
236,49,69325.4819974127,29.3631747453088,26235.9134179655
237,52,75968.7847754032,45.1285427927796,29558.3712077659
238,44,78721.9163969124,31.2610235932186,27217.9236777812
239,39,62308.5944869817,23.9108573476966,21469.1599386492
240,42,51507.854991745,30.0250170088307,19863.9396854525
241,32,77034.6435883427,29.952791142602,27115.6477211664
242,52,59190.7041562128,8.6425758622439,18412.7208147049
243,47,70611.5508570208,31.6399159206708,24591.3711787741
244,51,59936.520898259,36.4779734508423,22675.1482709639
245,22,71116.7475758043,36.8786023254221,26925.1308085251
246,22,68726.2543436633,26.2209850273329,23569.2154844931
247,24,82036.3693434399,27.0057410240328,27820.782591147
248,19,69179.0806378119,24.2169584959401,23050.4048717499
249,33,65258.7978708732,26.4152753079503,22203.4472817661
250,57,67293.1041501757,31.327193886744,24047.3694078947
251,40,68125.3937462116,11.4252085714979,22557.6538872158
252,40,65072.9907798332,44.4575545625971,26258.0369172239
253,41,71605.8028810082,28.637933829485,25299.103478545
254,38,67014.2464507443,27.8527157252652,25494.5543156917
255,35,67921.3142689245,32.7725703291693,24722.4178682165
256,36,79305.7471832959,8.92872794527337,25542.8935260698
257,26,57158.3464235184,23.1347750536772,20950.0255507655
258,36,65780.1684721065,31.5791119957274,25587.9997802592
259,63,75269.1139377339,24.0675317774597,27251.0884367075
260,36,87051.2169001385,23.8312455316063,30626.0642231712
261,22,71801.5042926847,18.5121894585305,23521.8215520043
262,62,50010.7619315043,32.6789613286614,20042.2916833602
263,33,81282.3689875106,20.000655531446,26774.224368545
264,56,69270.8774889815,24.4957185779297,22989.1450958649
265,57,69262.9959624139,25.4443761654169,24913.3341880558
266,49,67870.4242859685,3.1538622765699,21187.3049248712
267,65,73360.4300754319,27.0089494177215,24733.0213960234
268,32,80513.9684021336,23.3267913598314,29304.2778223504
269,43,71222.802447582,22.694334342899,23765.2014800209
270,37,57679.6871456678,13.2573884491152,20307.8547731898
271,52,72293.8708925403,19.0391463446378,25016.7745620864
272,48,81378.8351711301,4.10712734504203,23998.6325482519
273,41,83694.7166099409,23.6717305266368,29593.2953976776
274,34,67558.5434098713,12.4584802875,21999.5307423336
275,24,78021.7340742444,16.0212929680695,24391.7095509135
276,30,60450.4981378548,40.4493126726369,23447.406227883
277,52,89249.7880395456,33.5052224798462,31973.4500643799
278,30,74729.9505072205,12.7272780928247,23881.0655270615
279,31,67557.0611212833,23.2950591116351,23069.0171280765
280,21,79995.070747917,33.6430543529498,29481.2674152699
281,42,67112.7985083727,25.9712528814218,23883.6932515711
282,46,63309.3180286353,10.6866937281436,20750.3188382448
283,70,67352.5203039648,26.4545998695868,24334.6686213889
284,33,71380.6959023552,18.6614436202686,25813.8406649457
285,58,77592.7944658993,14.7627845887151,25045.3395115195
286,65,67178.4517445599,9.32930872854102,22004.5049932703
287,26,70269.0220431851,31.3106290359012,23228.2659757495
288,54,78785.6027213629,30.3948271977535,27571.4264226373
289,39,67976.2933592205,27.1151699919273,24416.9406868018
290,63,75132.630368906,15.84726571106,24541.4799900799
291,61,74457.4304315426,27.6329392071091,26452.7269016436
292,39,64579.8932663265,28.4802267581504,23037.8131696459
293,41,62829.9259507542,25.6480347682492,23333.0660041075
294,31,64820.5108080988,31.5275912000471,23366.7401440666
295,47,54780.8667534011,14.0307397185946,18603.3359333287
296,62,67961.3033591264,13.162888273262,20991.8237347315
297,69,82617.6289269981,28.8742177906476,28170.4098344965
298,64,75621.7484299439,23.6726152239026,26817.9365094574
299,57,63070.1265152817,34.9660805280484,24107.7179111664
300,62,66296.2368093064,4.34857642890476,20272.0664779842
301,48,76218.0609636597,33.2878384102194,25783.5417148499
302,56,82790.2541728304,18.1477216248152,29309.8421083571
303,54,67367.4280350999,19.5296213184762,22831.8042677409
304,25,59061.74172811,30.2179939342021,23715.6371002659
305,64,61137.8368837032,2.92281047722185,17548.637731584
306,31,78910.4375992243,23.8410260395646,26498.1297029653
307,65,64705.2048056981,18.4800212115546,23270.2132615129
308,18,84524.2764134298,22.9036987291145,28406.227324867
309,40,74322.3214529699,25.5690934195678,26100.3309527821
310,43,72350.3344060056,25.4170705794907,25626.7915619617
311,63,81882.2794167169,19.618633550421,27293.9258242867
312,40,55482.9550515928,8.85205075146345,19416.7809148374
313,48,78909.9073715413,42.2966904258315,29856.7780119494
314,38,84152.0125293179,19.5218145301378,27550.6911176055
315,34,61909.7255992678,19.9780936700789,20432.563817871
316,56,67623.7922070551,27.9136449385564,26311.520352867
317,24,73407.70589445,12.6317561761007,23961.7648744353
318,62,58098.0983104818,8.31103703744998,17696.5552628205
319,64,71289.1191405408,41.9112418977384,27478.6038491836
320,29,65132.0710168151,38.4299231429813,25613.4713930219
321,49,72803.1853470972,21.6609549575612,23171.253705516
322,63,67761.1891049676,40.6133392173985,24722.3376965943
323,36,75252.5315775976,22.9033417815404,25883.7086404039
324,36,68615.3842113875,31.6534671623881,25497.6243836148
325,42,65679.2454410451,24.2769891308758,21815.8803296728
326,34,72816.912889222,22.520306820485,26309.7212711517
327,26,74882.2107188569,29.9796626988205,27946.905873211
328,62,74533.1718093688,24.000727564267,28799.1793673687
329,63,72111.1953386229,14.9384099950601,23875.2312177642
330,40,63896.9252730815,16.5914562111811,20784.1674869729
331,48,58719.7156468979,35.4208444460759,21410.6110259111
332,55,83560.3282654032,9.6000181508029,27034.4061825708
333,50,73678.6973753079,32.1821565985952,28332.8228490946
334,33,60739.2574071123,25.061323940318,22881.1907150005
335,25,58797.1229472666,37.0564309445766,23074.2495497149
336,22,67096.4438130695,25.022128791319,22330.9503181283
337,27,67470.780257787,16.3264749865386,22244.1335501527
338,58,70752.3574566898,22.6524016804166,21489.8343740831
339,45,79270.4791850698,-3.76622280310045,22778.1106029815
340,54,57025.1488972445,14.995593774972,19059.9585009551
341,63,82913.9643213246,27.2877728793605,26882.5139992324
342,36,73842.7260725879,25.8207113677759,26150.4259677401
343,50,69326.4647536032,31.8526267795806,25610.8920573255
344,33,72597.3389238234,13.637918781145,23850.4465324036
345,23,62720.0119911663,28.8448862551134,21486.281993101
346,69,79383.359481542,29.9274375651991,26679.9697519047
347,25,76631.4675472899,19.0734533501266,24692.8064702302
348,42,58063.8567385484,8.15469890056984,17481.3658948779
349,31,62506.7166662532,34.0582883872971,23845.251878283
350,48,68534.6550719446,22.9188269399608,23820.713880069
351,63,62457.713429453,26.3094189540843,22106.2491861111
352,42,55924.5484685794,20.3014090760864,19239.8382930297
353,25,64578.6615223014,12.046637020288,19849.624679866
354,60,67536.2084722256,20.9368117121882,22740.4674261895
355,69,57918.9926420758,33.7829455030624,21402.3609627276
356,41,68963.0416720451,33.3287086229183,26115.383165288
357,22,60898.3761979577,32.6684009194945,24621.8526305512
358,31,53954.0914765639,17.0041736843439,19155.2176094771
359,50,63682.6212268094,8.06232222712205,21624.930128688
360,18,62556.9986676252,29.5036789141653,22714.7371728108
361,54,82814.5906938098,24.8234227214745,27225.3081430039
362,52,65785.8725797525,24.6185996724362,24399.8335389946
363,21,73528.8181692176,20.2435917323471,23924.3930068235
364,52,66588.1580183415,8.06471205347924,19964.6848744025
365,63,65126.0250566564,29.7587836831382,24768.959782746
366,35,60702.7208752993,13.9847618154833,20021.520466998
367,27,57270.5315369882,17.6642882110343,18934.7906853272
368,29,73978.6479443166,0.957829518210502,22813.3408707474
369,65,83399.8333498025,48.0666247735156,32460.1773609002
370,20,72736.2478849596,28.8999070289187,27171.1603698186
371,43,73487.563067239,11.3922722708996,24650.309049763
372,29,69907.9428175833,26.0564706056248,23815.7056707523
373,54,78172.3561766045,18.9274704914096,26592.5970712533
374,62,73665.473710439,41.2252663965449,29148.8658145845
375,25,55602.1307321144,44.261812971557,25522.3469544411
376,34,54325.4953329733,45.470004522712,22738.5782267576
377,22,68380.7193324852,20.1540411812936,25887.3143622312
378,36,61250.6108816966,28.6259129555293,24215.7507646945
379,55,75017.6438329533,44.1122262433724,29868.1735601955
380,49,66268.9330834311,22.2548085647629,21375.3996332475
381,19,78468.9541644884,18.4809837458108,28051.1623527342
382,34,84238.2811558197,34.9633536360411,30966.3975883857
383,66,84033.6043959173,32.5518870824735,30106.8933776564
384,25,68326.9689582631,28.6263959489709,24670.7002057757
385,68,63162.1214800393,17.497583506856,21730.7938172989
386,35,68826.0887908761,36.6385203424588,26757.413305767
387,43,58239.9757483282,5.51225182931582,18816.0319516131
388,47,80653.105094244,37.6864359335846,31018.4947820172
389,36,54115.4126252986,13.2218791413579,17903.5802852062
390,22,59726.3235834985,38.4107634876922,21725.0474676001
391,46,74942.0330948829,37.2103712669075,28406.1138668092
392,46,72921.3575397319,23.4721833030195,25386.946882899
393,63,77383.7038220254,36.0839320187578,29317.0013240299
394,29,61956.9503732704,17.6802994399269,21544.2032073167
395,18,56323.7100631647,48.891632448955,23200.272897476
396,65,78507.4947125828,11.5190823371588,23551.0979434806
397,47,74890.8108413137,35.6495096850505,27123.9609623548
398,67,89044.1955838335,25.137238339032,29543.9087970602
399,69,60885.4908683472,34.3263543885221,23392.6287785631
400,24,54391.1734586879,17.674383945306,18993.2264367826
401,22,76894.5438204706,34.2683345795514,26620.2287308327
402,27,83842.957383079,22.6196122281772,30041.6395058442
403,53,68560.6205435063,25.7210204640023,24164.3871603806
404,25,77297.4637237163,25.1958530427404,26716.4583210493
405,66,66246.4273798803,34.9956763133032,25793.5184988192
406,48,79229.7961240422,7.00225501900174,24870.56715194
407,22,73163.5196152888,32.6739547259673,27482.2962723546
408,56,74283.7027958496,9.9154729478688,22806.3776120013
409,39,58844.849579966,27.3187095011613,21439.9082964107
410,29,64020.3233993614,23.6496443899148,23878.6367411703
411,62,65144.550470023,22.7320243661541,22429.2251076018
412,27,67840.9180071381,24.4127313460645,23921.6045420409
413,46,58106.8286241949,24.4848168834803,21051.4567252374
414,47,75358.2715829399,24.7476295951419,25411.6410280283
415,18,62278.9149919501,25.024999818237,22787.9957663426
416,64,72476.8944123941,9.27437085458825,23185.4241514239
417,31,56283.4816723937,33.3732582127148,23787.7114729812
418,24,62250.5113255132,7.1108899678454,18809.9161382861
419,51,87799.2734415941,33.0654569486231,31615.7674865126
420,27,74766.6902365369,18.8275849349372,25982.1004586187
421,70,70548.5039412943,23.1071028001038,23921.6233263889
422,32,60298.4595610985,27.6383786705033,20806.1435147767
423,36,64159.4761278264,32.7540878395133,24329.5865626997
424,35,61675.4534342655,10.2983379246899,19450.7786738095
425,63,73914.4110464541,11.6104556464337,23951.008983002
426,39,87374.1297166312,23.4701130687363,29550.1910045235
427,35,83346.7765457008,35.424910226294,30030.0808226968
428,68,71455.1168761598,22.1557123486874,23650.6148968785
429,20,66514.2713857242,36.8339058277066,24956.8792891814
430,60,82030.731249006,20.8377775425548,26891.3649662635
431,69,80340.6722419866,24.8479778435968,27334.9247249892
432,54,68365.6491646946,38.9448974973873,26828.4358199694
433,63,85226.7939859216,34.2871036455568,29540.1506091799
434,35,73983.5357114256,19.2182499618914,24835.6942091956
435,58,63328.8928330855,19.6182883165839,22830.0487061147
436,18,61606.1507364134,30.6324917857705,24578.8117512294
437,56,63965.905534476,52.5110428346787,26961.0841477472
438,32,73761.6852563917,17.8556427649267,24338.0059005837
439,66,66326.2800993535,20.9829962519002,23570.7346277934
440,23,65785.0005450525,20.4631522321071,22854.8426742786
441,62,60139.1118963931,10.2257684387675,20157.8497410332
442,50,82155.719254576,-1.37918031268961,26118.3531722129
443,55,70031.0039687548,19.1741752066923,23579.6500075719
444,57,78380.788754457,13.1158161422434,25694.1719685689
445,27,64046.9082768435,23.4708541871702,21424.9534794765
446,51,60721.8288322751,20.2565006242649,20151.9033788006
447,70,58793.6367839795,13.8081006127573,19107.9828547914
448,43,73897.296998262,25.6323565479849,25688.6689650808
449,35,67734.560751699,21.4603854831436,22432.7638994407
450,22,63672.6963859506,23.4922796157148,23843.1592110774
451,52,76512.8019278675,8.66537860567585,23345.5023878391
452,23,70236.7370996495,29.2196933737027,24769.4772850966
453,46,62465.356766028,24.9975852658041,21293.765772743
454,60,54993.4120710393,21.7657825074332,19630.3169281651
455,26,77909.0535577832,18.4104435012415,25878.5686288655
456,39,51791.9593741568,24.2374478129309,19750.9753743963
457,37,58484.522691086,16.9353480050387,17193.1206402753
458,64,78314.5595415834,18.0610978079416,25847.4461757237
459,47,78914.6739502727,30.3419730569561,27661.7110938682
460,67,66486.8106358092,13.9581313642586,23098.8252538972
461,56,73029.1871953215,44.9124054717412,27708.2369455277
462,58,65812.262032841,6.20079825811504,19694.0194145128
463,31,75981.6151467277,32.0717247361089,29359.6984308173
464,46,74161.4989470652,17.3438632791764,24661.2216972249
465,28,81228.3748974337,27.7217175775999,29307.7367701743
466,37,76171.3761276305,31.9658679376127,27546.5273708289
467,34,70481.8660611536,37.2987971740333,28463.1898906978
468,61,63070.1064475789,36.8858472242862,24232.811483304
469,41,70904.7273843567,20.4347167550049,23073.9721106539
470,61,66338.7968212963,14.629232996398,24327.0577375886
471,68,68365.2204753083,24.279432759281,25459.8579290448
472,42,72732.8824438087,36.1112360258072,27693.0146006339
473,30,72297.539443461,31.1874096036165,26133.4240560757
474,29,55463.7212980485,20.0731389891664,19913.8106809085
475,23,72743.4498687655,27.40946902701,24918.7746781722
476,20,67782.3459936,23.7215766413794,25346.3658044676
477,45,67367.62225379,33.4403507899089,25232.9209724334
478,61,49210.6991867736,36.8413233031612,21379.6676876294
479,61,57700.2287826946,23.6631240530225,20834.4321709503
480,28,71847.7113089697,33.178201457868,26675.9117947025
481,36,74807.3647052794,27.2896077260238,27867.1207722824
482,28,73821.9064501819,33.6792298295765,26666.416397445
483,53,71521.8165843335,18.9424920702776,23283.0011306387
484,39,66669.8246005193,27.6606819520243,24319.83718795
485,28,70675.8879174525,15.7932196785015,21736.2893951412
486,44,70220.0437811142,21.7280723049373,25347.5872259735
487,19,72025.9243335289,26.8434313003437,26041.592230432
488,56,72754.2116986948,11.5551271543748,22528.2881502864
489,23,71439.4710606005,14.4449632484119,23700.4129062129
490,56,81969.1199862508,23.6482739989469,27961.0919938692
491,53,78584.3031099404,27.8427397648563,27562.8407520609
492,65,72170.8388861653,25.4214461125271,23218.4476241395
493,45,75653.2640553695,24.6215431431786,25175.6267487458
494,46,47992.3246902336,24.4765219609695,18467.2435812772
495,21,67926.7061051069,18.8008981577357,24152.388119792
496,58,60599.3204062018,33.4025354796907,24441.1519666656
497,22,80886.2676364042,25.9765130524828,27714.0812043938
498,65,70136.9490255812,26.9751860639524,25412.2499422856
499,48,64274.1408683235,14.9934013498333,21936.885740408
500,60,73545.9699297371,7.0683233335151,21730.8824525058
501,65,85433.3013654129,15.5342368021734,27138.2441688033
502,26,65168.1211564074,21.243076347191,22270.7135007514
503,36,66516.0675082235,21.3200725482294,22095.0299750556
504,45,65644.3006199172,24.5592560657386,24546.3977281435
505,32,65135.9389396025,20.2564562228479,22688.328861499
506,28,77674.0344692607,15.1129080716615,26410.9096348296
507,46,63641.8985250543,15.9755084028932,20889.2337240644
508,34,69319.1584104168,16.4462174766981,22524.9254062326
509,58,61030.1070938389,20.6081676684128,20430.1437923512
510,42,72312.3097207381,29.9700972108293,26956.2256990141
511,64,68340.1047028664,22.8536377348233,24252.7174211293
512,29,59089.4060068254,16.8507488151524,20177.7057455245
513,36,64544.3519269706,24.5392984814964,22896.9454330478
514,69,61749.3624344905,33.2883573449957,24261.0845233149
515,24,59015.0573879592,15.4563641395575,19872.2971281298
516,28,62667.0158457673,43.6130619180199,24817.1844557513
517,32,51624.1408331847,25.5651260496434,18708.6352929037
518,26,81628.6542766028,32.997776777456,28950.1866121514
519,63,65776.8613346137,36.721431862677,23610.5898536753
520,41,71329.1829692327,18.7274263506428,25562.4926134988
521,36,70360.6630287271,21.2521573992936,23234.5003459425
522,28,72548.5450984036,20.5213355772639,24244.9342312836
523,50,70185.1462596563,25.5352416887045,23945.6142473769
524,26,76406.9259119581,24.970244032506,27330.0266312328
525,58,79071.7407526913,22.027479332921,27372.2570232959
526,40,64310.1312803626,18.6643000855837,22562.3668394709
527,34,57262.8063850996,29.2904736959486,22536.7940782912
528,27,72071.1844514421,19.990740384187,23820.3834574902
529,25,68983.3817782189,35.2386199363795,26086.9047280612
530,35,63135.375443519,23.521827522136,22093.7079235932
531,41,70776.2032319114,22.6948972760389,23667.3049752284
532,55,77868.9678961054,25.093044925072,27055.3333135676
533,42,70457.2187007098,22.344272431099,23941.0056458252
534,67,59591.1643919305,26.4318777277655,23391.4808621573
535,24,72700.3669645524,29.7408193018391,28244.9221753481
536,56,60263.6921641699,29.2899642433164,24499.5798785583
537,29,72328.4546564327,20.070616613171,25510.2753868233
538,58,71729.6749339667,13.7380519488532,22929.5133101066
539,33,82855.0797992836,25.2738546861336,29312.0685220473
540,20,68383.2382223637,18.4468910399421,24075.5557788613
541,48,76238.847077405,19.1536418918433,26872.6783903439
542,52,77526.2288356036,23.2084504075078,27595.1646226924
543,38,68225.9590739585,10.8131636102978,22146.9372295203
544,63,57510.9471567897,17.0799025909455,18919.8905948498
545,51,69699.6133777765,20.2264275859981,25039.9952804872
546,45,72549.1623048948,32.363118376304,27560.8948387075
547,53,73328.9154894352,15.1420998523048,23312.4319895127
548,43,71479.2544380451,39.1843376401682,28137.1616393615
549,18,68198.3587964593,31.7900532372534,24573.3716199505
550,43,79270.1253544617,34.5117930709038,28490.8016297581
551,38,69742.9760044196,32.2772359044653,25448.1554038828
552,59,69228.1378628231,35.1376008581302,27745.2124512911
553,38,73886.6718083416,35.5326315939137,27393.2977506195
554,55,73337.1375019356,7.24722993853582,22914.5811722847
555,52,84957.5383146049,20.50929785232,29003.4677555158
556,47,80998.9634060372,30.4779071274508,27493.7518328011
557,29,78351.9947840671,34.3095069823226,27422.0550444006
558,50,72228.712346615,32.2804724080604,24813.0362873269
559,61,64609.2860977733,26.0537533472619,23554.8017105719
560,30,60751.607397041,20.2374024996304,21872.6708216747
561,67,62069.3629703455,43.5750914560799,25207.4173556089
562,50,62663.2602732087,33.4067363278713,24533.3728919688
563,41,74270.248734919,30.1517778571159,27357.4878193266
564,26,65199.2421133699,18.9843027420151,22629.8477821598
565,48,68499.8222568881,23.0347577681761,25208.7924140639
566,49,81231.9270035034,23.5452360068031,28119.5013172215
567,19,72316.828641853,25.4173841961536,25605.6148581409
568,48,70093.977836075,19.4492002344181,23790.3655534863
569,44,63365.3566787932,25.7116433412727,22009.6276822249
570,52,64040.6450479745,44.5651879089114,25456.1802688985
571,50,63545.3986308413,28.5445549206196,21871.537741066
572,40,68552.7908135503,-0.966966834334364,20156.616401723
573,67,64421.5703108631,28.4313328861716,24080.9105049241
574,54,71339.1259904577,37.3550830856157,26118.3551008741
575,27,79294.025461862,25.345180859457,27386.5685431317
576,60,72558.8606627115,22.3988962137931,25323.533052204
577,36,65252.8402031868,21.9401740645521,21244.5891476867
578,33,60859.3050526346,41.0080331350442,23844.9237811845
579,64,71706.6926651381,31.3024068619719,25857.8228088681
580,56,70714.1724186352,21.7028852299552,25523.9831874608
581,49,62125.6110539714,36.6991156373834,25714.3427536318
582,65,73286.9560411061,20.3519501717543,23108.3854338634
583,67,75613.5520871283,14.9061904342833,25459.5696304006
584,36,67653.2517399687,32.3686116875796,24246.1314431658
585,21,72658.9881998645,27.7971068488085,26679.5269591184
586,68,64171.1290981444,29.1810323275452,23274.3275849803
587,52,89279.7378881907,49.2030904200502,34773.5574549437
588,51,55616.6355396742,19.4907692128429,18395.9649629385
589,46,74996.6188686047,21.7689332078283,27355.5438516332
590,30,70564.4667926477,34.9434378146916,26577.3200955642
591,53,58060.4229464022,35.1331643888128,19541.5730882263
592,37,67086.220950657,1.45774555457675,20682.5474168913
593,55,63937.3153445982,23.1640901640325,25103.7985691577
594,20,65782.2101243795,20.7458558593731,24511.2394644103
595,42,64291.2193271879,38.2112805203264,26745.4899463298
596,38,67181.8296094277,26.7040384286129,23178.4652359879
597,70,71455.8469792804,13.9355050090503,24423.5017413461
598,57,61675.1652705649,25.7555705502973,24455.3804844516
599,22,72728.449596613,22.9802545798012,25718.1491999737
600,22,62249.0951832148,10.9290088558563,19747.6533069596
601,36,81227.35613796,18.7525892182534,27960.8003309161
602,61,68770.0623017476,8.05356481076856,22871.2309936518
603,47,61746.4616290684,38.4400961740388,23564.8453402073
604,24,67755.3982060841,12.0356076759733,22900.0483797997
605,63,76275.6388449682,15.7901113828984,24536.6563130944
606,34,72825.1842298664,29.4341770259493,27515.1595507391
607,46,67075.2677977022,31.8557028538973,25396.0522216394
608,51,84497.5383519978,27.3792803610772,29942.5032481989
609,34,72606.9418085788,28.7583769433785,26306.4417865412
610,28,68012.6473529001,36.3516011732482,24331.0594780898
611,31,65134.8054135565,23.8905484125531,24111.15954938
612,57,80098.6707134199,28.909499866695,30155.7050407274
613,50,74659.7926602643,29.003724089575,26533.1164587333
614,51,57061.0434511184,43.1905901990741,23673.7180470678
615,27,78743.7566954835,29.3613629523915,27977.4381067138
616,51,76708.1464797549,16.8216389143105,25321.8789172247
617,55,72897.9695509837,26.7136615328409,25248.0787796841
618,30,57297.8831926694,27.013703739397,22483.9300181706
619,29,68082.8794570103,24.9490540014225,24695.4519198283
620,52,67384.2352926723,17.9529630890919,23343.7433141785
621,57,71510.1701975336,29.6366402993009,26666.8607570419
622,50,51081.8609090121,14.1265712644261,17070.1585455237
623,63,78285.2980952242,24.738527842946,25618.8626504894
624,60,56672.7319026656,23.903243613448,22313.666013345
625,28,67533.8538990776,30.6758109748262,23883.2941378833
626,25,60771.8690149088,19.4746061776797,21174.2296145929
627,34,65858.8619538402,39.7255876868871,27107.6135005497
628,21,62496.4313619086,25.0120652016926,22253.7159579878
629,29,71588.240880741,24.0494875413119,26930.140523021
630,64,68609.0680637253,34.7537102993001,23358.9716840785
631,31,69249.4025633149,36.2417852597146,26205.5589772598
632,68,75405.2984044605,28.0550624148831,27838.7843902967
633,44,78467.1696826087,36.8339869914716,29588.6491487926
634,28,79237.2032966243,25.3006527827677,27728.284023802
635,66,74053.5447266143,43.0697648679235,29596.7123824316
636,46,67902.068875747,41.3522269405853,27071.2118483179
637,55,62525.5175860779,23.8889613101773,22493.6126442536
638,61,60014.4962979641,29.3832890920897,20614.6669108281
639,36,81165.0103826379,21.0578391759335,28477.6605487875
640,38,70863.8971266236,23.7759890521656,25371.3215322501
641,66,86300.9257992649,9.47148117907067,27196.5146604886
642,23,76562.469690964,14.7691215396971,23403.6940797485
643,22,75169.5246602699,21.9636645345938,26079.2902876217
644,66,68726.6265614972,28.5083355069858,24507.2826829039
645,41,77675.1071705433,22.7983506222259,27098.0008837322
646,33,78558.3257584783,16.4861630679152,25653.5513269581
647,26,52112.0995433332,37.8038076400258,22707.5265599404
648,60,69529.4151009728,19.9171770393102,22784.8325191859
649,54,68786.6876607022,37.0915363750597,25507.4328940362
650,31,73809.5503602039,23.4342998500568,27583.7380853808
651,22,86471.6276040868,18.0013262858036,27170.7125917876
652,60,86409.1036943047,13.2634346173377,26806.4502444909
653,47,75419.3992637387,29.8898927515609,28172.9517289797
654,62,73217.6093566782,34.6276829496463,27136.1483100747
655,69,92475.4581205139,25.6230953298893,30373.5885654017
656,21,76163.8370604146,46.0014210324318,30862.1445499861
657,21,58869.5721812238,43.5619612935807,24177.3411302294
658,60,62614.6626314916,31.5597094316947,22575.9379371905
659,49,69884.6647175752,25.0357688816235,24936.94873335
660,45,78495.5127627882,30.3800261840454,27236.8658281466
661,38,64994.4335626983,19.5853639240604,21450.9195090347
662,69,74621.3859352959,27.2560569042363,26695.3386900782
663,23,58629.8273008296,42.0825725396497,24271.1084522086
664,59,72490.9701098111,18.7120973917687,24634.5354462173
665,37,67703.0293928145,23.364320580643,24008.8703597161
666,34,81135.4441148592,22.2424926981535,27086.7778017114
667,28,84392.1044540426,21.7615509801903,29884.5475667135
668,57,71277.670636042,19.9443719698715,24337.7907970861
669,38,72673.71175882,15.2443927701433,22382.2939171211
670,54,69558.0473302467,11.0839223889296,22847.4551025168
671,49,78126.9267343467,29.9595646480169,27676.0163839509
672,36,71648.2111226862,33.1523329517911,26833.3330925138
673,60,65341.7364186593,29.9623886589491,24245.0793633926
674,18,72600.6916682561,28.6931838500196,24994.5764026482
675,51,63856.4552676477,13.4620452271061,20031.9972849758
676,29,61921.4426443143,36.173722724701,23187.7750088837
677,31,71811.0417517516,28.8262420723999,26932.2756514632
678,20,75180.7258763066,37.4850083793948,28634.3061526371
679,65,73760.2977189974,22.375560793856,27194.5069033315
680,37,66966.0132669983,12.019238656152,21678.258827007
681,43,84891.292169879,37.2520572202602,31384.895831128
682,21,62785.0052699112,13.8104705131809,21914.4590615975
683,21,69686.7830782126,22.3762032900789,25542.6512953296
684,43,66219.5100702209,37.792812214858,25640.1262552751
685,18,74067.4039760114,23.3246500861325,26659.943371654
686,42,69338.1692575233,20.1590306314642,24009.7958376009
687,34,69969.3181993676,33.0804990001893,26451.2145354061
688,38,74163.5636482157,16.3299639968041,23777.4367447918
689,53,59673.6690022876,18.3423864215972,20557.4267670917
690,34,68324.6768120809,32.3573761196361,25571.8498082512
691,56,84523.5326422407,25.1272934786153,29439.7854295167
692,22,63543.3882396698,24.4290544304768,21678.1206404494
693,46,78265.1413063277,3.0463797749401,24658.4144289118
694,26,61229.3567450149,33.0298170401714,23718.613079612
695,48,76532.9863261082,31.4495979270736,27953.8637655514
696,23,72560.9230096603,6.9396149686054,21837.1199254484
697,58,73608.7649355142,22.4734174768837,26234.8912435498
698,48,70055.8539817514,23.5558903458625,24318.6422377578
699,52,76301.0308623514,5.47559178435389,23679.8155270686
700,26,83251.5636429952,13.4642238748118,26384.1443192716
701,66,66454.0656119745,23.7951312201499,24289.4221325715
702,52,66427.2548144904,18.9122898920474,21796.8526693188
703,55,75926.0798479332,26.4169474496174,26711.4458923477
704,35,68206.826324215,8.2962430867094,20912.2456419016
705,34,83099.2267292995,15.0458155390758,25912.0431301413
706,30,72421.0716571357,40.4247424418744,27561.2191329263
707,61,72736.6716966917,27.3122512522348,23940.3274366077
708,64,60917.5284156822,11.4523386579964,19342.0459358417
709,46,82118.5848258042,13.754815263777,26526.004308113
710,59,80196.3467019882,20.7441691826206,26874.815547619
711,70,55736.6905416041,16.4539374219373,19238.1991815349
712,33,85544.8523890906,11.0082696192806,26370.4230533595
713,50,65450.7247232779,35.6880013095287,24776.7555740623
714,55,62896.8845515035,27.6453022175456,21217.1703514162
715,32,63553.0058465237,31.6480545956269,24496.5617531501
716,44,58744.8958355793,16.8392126392709,21351.2171917915
717,39,76701.9735042993,23.3324913381146,26192.6578248351
718,25,58297.8930475952,6.63375642375879,19250.3149006135
719,18,60901.6404465901,25.9466552480155,22170.2274628674
720,23,61612.70208298,29.1658156351458,22022.0430987009
721,66,74560.9825655966,35.7370254043757,27587.4717124035
722,39,66215.7440366853,22.0064965004324,22622.2554242882
723,23,69970.2377856482,17.0607796063328,21647.7756543043
724,22,64697.5801888557,23.7665575699774,23154.974209671
725,43,73917.1988642136,35.768024477413,27990.8610968165
726,26,65091.0789813735,26.4328459729001,22537.5100158284
727,48,84344.6728083138,25.6119570541679,28632.5218563039
728,59,70218.1143952576,24.9963338355886,23650.8965910504
729,20,64982.3891257122,25.089372462318,21897.4872288789
730,58,81747.1853273639,24.8379313207163,27121.0769837335
731,49,70271.1613617319,25.3038416915021,24804.4816527793
732,70,61478.6931008094,10.6753412371025,19885.6377832285
733,40,61876.8468624045,36.0720278514624,23222.2514162793
734,35,74169.808249429,27.4074327518396,25880.1954212872
735,39,59974.9523347619,32.0525008222527,22733.5019847152
736,40,83232.4126202252,43.6201175755903,31954.3987828094
737,68,62313.7814562372,26.8910518449557,22514.9190540453
738,42,57227.0253251225,18.3579761539019,19504.356697249
739,55,56698.8824144082,22.6672617275488,19431.396361192
740,47,61549.5324725035,21.0993910477199,22093.6328828393
741,55,74738.989323196,6.24177950058708,22620.9043403934
742,57,53571.3739157888,20.7510128474473,17818.0020584495
743,21,65851.3256007789,4.99366019846007,21953.7288521344
744,34,69399.0724469044,32.7537146601699,24798.396878638
745,69,57933.5083493534,8.65489279325542,18812.0785812703
746,23,71611.1618829959,32.1492061638486,27246.7677223115
747,43,47709.3126717944,22.5694548067244,18156.3508592851
748,56,55745.9765620097,24.8051376558651,19982.9671273626
749,49,83113.4284061512,33.3861899918618,31526.1041167617
750,44,84290.4576741604,40.2551567325041,30712.7118144003
751,56,78866.364184815,23.3624674465784,25698.8961604919
752,28,91598.2543896142,21.5833441215349,31365.5177455628
753,38,65224.8741406572,29.4973060917415,24676.1501549371
754,50,84824.3909665157,30.6101191699632,30899.4893046154
755,68,60297.5936080983,29.2716902934153,21583.1663163416
756,25,77729.33426674,38.0225754895479,28608.7344712842
757,34,55606.989120038,42.63596469256,25653.7744676374
758,47,74575.6215395914,23.2730399464761,25622.3348743515
759,31,51749.3111952824,15.0383290236726,18767.0300554878
760,41,55938.465320283,40.0238345199559,22681.2946423254
761,24,60036.8042293177,29.0265867789391,21869.5048192198
762,20,63717.6457281582,18.210416353462,19661.8921527106
763,50,71636.2597378925,12.1360846511153,22175.8166775157
764,41,68387.2299558462,28.0620256096518,23029.0503263229
765,32,81336.3231559099,16.5423421588726,25713.2812130815
766,44,82646.2787025537,22.7170524657445,28785.057399269
767,41,77314.8730121534,7.88353204061563,25103.1816831282
768,40,66515.1000290619,30.8302986955192,24525.850979398
769,63,70081.6317512617,45.7993289380026,27188.711663119
770,44,68773.7439281514,25.2309601048294,24894.2479691931
771,29,78509.0643779184,19.8023766448686,25520.819253625
772,66,69368.1075708734,26.6425795601321,24636.314809118
773,25,63604.6915365336,40.7680961116268,24996.9856063326
774,50,74689.8051536833,21.0111920741393,27278.3085577366
775,39,51485.1578681047,11.7452952305593,18119.5182460473
776,51,70786.3446954591,19.7088955175526,23361.0711441181
777,22,64159.6535849099,12.8351994893011,21809.4859745957
778,30,67023.533518093,17.6724752444625,21995.8265542176
779,36,75099.4326137229,22.8070569078693,25690.1959424759
780,48,71975.7436321424,39.7498142224961,28164.2297478486
781,43,75311.9816253776,31.3887701630491,24918.6408671541
782,37,70236.2513662819,19.8841592969096,24356.0335727498
783,46,62870.3476383367,22.0014740035423,21629.5850342845
784,26,61348.6100698692,25.8204319003165,21606.6206016417
785,33,69593.6820284183,19.5239665957943,21993.46089656
786,38,87189.0813916422,21.9340418962626,29570.2607691698
787,50,55570.1353680341,15.7775683831923,18104.4366829833
788,66,71431.254158948,24.3138183428733,26745.7314315872
789,67,65561.0200049589,35.0183061077845,25212.5692166596
790,59,63779.7846607853,30.9654703977774,22823.2735547173
791,26,74729.8634004757,27.1523141810264,26925.9226671986
792,28,67955.2172036545,39.4394864236148,26369.4763604993
793,18,81607.4952013845,40.7124638231098,31698.7023446125
794,51,63380.6764412341,-4.40897728280535,19608.8411337681
795,28,55183.169277261,31.5375559229478,20258.087153937
796,42,59701.2088680864,25.141295996673,22051.2674202104
797,66,59626.0409605548,9.54080349466889,18422.1741898147
798,31,76216.0994749588,50.1987967530581,30563.8400127823
799,67,71002.738497214,25.560092301413,26138.5416902283
800,48,75148.1030005885,18.8774422337916,26586.5551808667
801,31,72169.7121330692,30.9095803276373,25247.7389151828
802,37,77984.4169033807,37.048535169665,28358.702855955
803,57,80114.9502366361,23.1793842715652,25643.8277612572
804,41,78092.7036258085,23.7335822827159,27677.9960113093
805,54,66359.4384223039,33.7209653523252,25678.399026089
806,58,62579.329334227,26.3199332251178,23337.3642272893
807,46,74588.588356304,31.0884669135496,27327.7622558726
808,27,77862.7772781282,23.7314200756379,27229.75449205
809,66,61769.8016362289,18.1417585745533,20826.3648338526
810,69,77029.4611910822,17.5421737405313,24996.7683166903
811,24,64096.712132183,38.0158850692337,24602.0034032134
812,39,67805.8954488388,27.1740506886496,26733.4560288763
813,61,65669.1530337057,40.8235514436198,26110.183351729
814,49,66522.5028989716,41.473660744107,25849.0327963605
815,28,47429.679341966,18.5174069879614,17313.03702413
816,35,72140.8365961495,24.7489688905842,24914.0338314642
817,29,62081.8144282088,40.0898703402403,25931.5443072258
818,24,64672.3150655562,23.4925221319372,23779.0634251486
819,20,60633.5407543187,30.4327111364404,20788.9395479783
820,63,68939.4172727121,24.1424906595475,23714.8330979201
821,35,67539.9599024804,34.4023646589582,23990.852441085
822,65,78028.9763990282,27.8989176678895,27595.2444593532
823,66,76036.5077231607,23.3128548402344,26289.9981640238
824,23,74248.2046930281,25.2331400473278,26874.4902195602
825,47,52441.1061291131,22.7331677404575,17974.0152446678
826,23,72663.8117646633,25.0900409423296,24299.7139999606
827,53,53523.5470137343,4.87654977850057,16514.5968432629
828,70,90205.182913752,18.4198417749352,28215.4206331987
829,46,70809.6892868413,29.2163074031232,26477.3136235479
830,54,59559.7911978364,27.9820451900137,21634.4949331046
831,63,69996.151223029,29.5896996889194,24068.6772414684
832,59,71543.7983135391,34.8456918653693,26321.1038439491
833,57,79002.6019872711,25.707653813198,28243.1650665765
834,59,79909.246352522,23.2793933494927,28717.8279633223
835,63,37485.8614571714,12.4952660380901,14473.1494392069
836,46,78274.0075992359,41.8519960202695,30153.5859161555
837,64,54064.9722281633,21.6456595606549,19885.1667847466
838,68,75918.5567190102,23.3317088181138,26863.0718172346
839,49,56810.4717513865,31.4746135320606,23793.1496464372
840,18,68153.7765678234,24.7742693427413,23089.484696238
841,51,71702.8393985922,26.6992678097907,25996.1589264258
842,32,89077.9103740416,9.39334420926564,27771.697750916
843,27,64915.853896976,34.3145716340182,25848.8034955562
844,22,90199.3902426869,17.0702536137021,31384.4774355932
845,22,57905.7304877074,14.2581438135124,17690.8038116601
846,34,66449.864801963,32.5004770853948,23156.7556000376
847,66,64288.8488657357,34.4142415936659,23903.6140334958
848,67,62015.8825135298,21.8526590992782,21847.3583060319
849,19,74252.9115139554,19.4535521972723,24451.4063084338
850,44,74214.1251604387,23.7118337474417,25478.4295920743
851,28,50515.7411472658,30.4595208643052,19022.6309431337
852,54,61818.7010015455,38.3055351156987,26363.7025953643
853,34,55670.3633176109,33.9764642964748,20938.705060123
854,63,80377.8697954425,42.2901562172956,30225.7796259236
855,52,77301.1256959394,13.7408474387009,25063.3924500548
856,59,74208.5630890797,14.2889785373208,25628.3602621088
857,30,86118.6834751859,29.0565342690165,29656.9188690076
858,47,70389.664135436,25.1251130497655,23613.523634135
859,48,72747.3771055912,17.4993323782291,25580.2313066124
860,68,60673.3476185432,19.1111058968875,22422.4835854124
861,51,88013.3704698723,37.8407840566909,30329.5983893027
862,34,68226.685121334,13.9675798689084,22274.5643774976
863,26,65008.2102770779,11.2507967376948,21090.6046881903
864,68,65884.239970852,9.34095146633217,21125.3497612757
865,67,88947.7707597191,25.0049308567749,30008.3894465949
866,26,61033.4166877184,36.6039685571176,22921.8928188859
867,39,73955.9669854571,37.879198157603,28941.011623768
868,63,68355.9432935744,37.9004378809995,25871.9570123401
869,64,78205.5954909537,22.398969665893,26793.5601071247
870,49,77374.7029044172,25.7227525591695,26317.437725711
871,55,60858.6206118762,30.7350847412963,23801.9282057798
872,57,49633.045000414,35.1312542000154,19564.4509177571
873,69,85690.5660054848,12.4649274467973,27820.5432241847
874,19,88219.0200463436,29.7806082825056,31949.5837783998
875,18,64478.4292861328,32.2432729773035,23776.6894958399
876,35,83834.0676656152,40.2180940930554,29398.4586836285
877,24,75322.097156766,20.8020039853916,25758.4949012301
878,44,68043.1016417273,43.1845074491241,25623.5700409807
879,24,76185.0331588444,17.5481234537868,27122.8873983376
880,53,69967.2176766068,21.0571468308741,24850.5448580957
881,22,75799.2120377357,42.9446753636696,28996.3769505573
882,28,72267.3777837855,29.529921865678,25934.9837643493
883,44,73764.100230296,18.7548705334009,25588.7994840074
884,48,68639.1871738548,21.5905789612085,25187.0422027484
885,59,72573.2312055765,25.5278164077692,25741.2985799442
886,28,82169.9212616987,25.0434931031927,29167.606787524
887,45,76463.0966270901,17.7736109713974,25713.5624347275
888,50,73892.0215597362,37.4536948489435,29103.4721055108
889,59,72106.4123567064,33.2545401582039,28930.0493770919
890,49,69900.7255307008,11.7454926122577,21680.7212333079
891,40,57416.0530710838,23.7439024842689,19562.4124739735
892,38,62518.2384336287,15.4960969558131,18888.3519925048
893,61,78488.0428187418,17.0020025934781,26387.9233531159
894,56,71775.2633112919,27.0851981068746,24876.8201718847
895,54,65678.2326755632,18.2505757999332,23547.9607716686
896,49,75553.8557579293,17.2262927945907,23261.5419628404
897,67,61415.5750387301,20.5971497307592,21712.9154004043
898,57,71728.2583159629,42.0130305964505,28229.1164310225
899,32,62906.6533331971,44.9325511622357,24161.437500549
900,49,64685.308936058,31.330391043352,21939.67984837
901,24,74347.5551935494,19.0661088900977,25437.3301957838
902,31,64905.5311042041,17.54697963525,20585.638864539
903,59,69202.0505879814,21.0005204967403,22803.8189842973
904,65,72657.3237555761,16.6949094255933,23760.9028185548
905,42,60418.8809445715,31.0338203395676,23383.8042576825
906,20,90220.6959126141,20.6083610458297,28755.4265062478
907,40,78892.1502373036,-0.373908717198237,22678.0427103672
908,28,72531.3981085993,13.1687548715835,22227.6954273115
909,48,54806.3399611488,44.7479129564655,22823.2902521172
910,20,78538.1559236858,36.9597077408673,28260.7360867003
911,25,80575.8009826276,25.1322479884563,29433.3450231074
912,44,74349.3236673727,24.8849208395302,26185.8807903021
913,44,74035.5546147459,25.1695866024536,27895.946461733
914,66,65606.5984396326,26.1986717668192,23252.5794242733
915,42,55892.1337215116,25.9595495464213,21412.2203235367
916,45,71904.0737712518,18.1658959866977,24159.8559860653
917,45,85361.6144575483,12.3053119452867,26901.8782284025
918,30,71612.6690043196,11.9742538556446,24772.6758925396
919,32,60115.1267011625,14.3952701764283,21540.2008734338
920,61,95649.7821979723,22.8630349009483,31592.5439414898
921,58,66721.3683829673,27.1651271875826,22780.9224164291
922,68,74783.3735634094,32.4057031472349,27482.1771043605
923,68,77532.7078321016,32.4707630779563,29889.2462556012
924,48,66970.0407143709,28.3619412259553,25444.5354746424
925,55,72117.3372518225,30.0944582487695,24042.2155699722
926,30,66862.0373720296,19.1865752824612,20813.9131967879
927,58,70353.8638442838,23.1068284624475,24748.9987715735
928,28,80347.7041549117,23.2163193021512,28640.0289978415
929,63,78150.850116379,28.8400338397005,27612.7472904632
930,68,66293.5169474867,17.7104524337755,21957.5274503042
931,70,82238.3673009669,37.2040585084685,31853.8763168876
932,67,76940.7541559192,19.7506615208922,27964.8225165795
933,39,55057.1930893335,24.0977575732533,20264.0468132725
934,41,69591.6473239391,9.45387079926848,22101.4945137511
935,70,82702.753895848,24.3157129606618,28749.0140048269
936,62,43263.0796973756,34.6140008718599,17838.4431749074
937,29,65468.4629680827,27.6247532974469,22907.9325503867
938,68,78092.6647737373,25.6380644344588,25695.6629068334
939,61,73988.6574766642,27.9569055218084,25944.2413822903
940,43,62388.6804500324,32.2040875707119,24212.6336380572
941,70,74547.9200000665,21.7440964887783,27527.0441544633
942,37,63617.1303272828,11.4509800847688,20730.09277999
943,53,61093.8963511617,30.6979749521819,23649.5377573986
944,45,51295.5856152014,16.9296866093632,18632.0158519783
945,33,77231.9454963922,34.7554952435101,28861.1496980185
946,66,72050.0853165871,35.2775196967762,26907.6617734881
947,61,72288.1724976821,18.2431680590454,24467.0965720583
948,19,83808.5616360748,9.02514392739884,26904.483106561
949,54,59990.9458847777,37.0383854052261,23342.8529973416
950,36,65366.9711637557,41.8435282811245,24835.8049922258
951,30,63116.9056689269,32.8313557937131,23158.8692041923
952,56,68992.6146259897,18.7230573174228,24610.2027696443
953,47,89071.2022227602,17.4724061075959,28892.4934697129
954,22,79395.1184624571,30.9401039102579,28220.1014236713
955,24,62286.9332244701,35.4942056472085,25598.3188733895
956,33,75185.5379737085,26.3945051338639,27048.935519749
957,61,60790.9455494851,19.1569243795665,20456.358572115
958,60,61846.7740462818,42.139954202697,26229.9487630676
959,36,75468.8447609966,23.9318696796548,26477.9766588211
960,55,79006.5812188483,25.2328194431648,27782.4416427165
961,43,67346.5872558476,35.939216088275,26408.2094152488
962,61,54004.7435134422,24.0133211177132,19796.276716072
963,62,74689.846475695,40.2111150595517,28390.578014061
964,55,73227.0932184332,22.4502125004366,25644.4974787023
965,27,76347.3727449459,30.3435130412699,27113.0033096836
966,57,56810.7805045504,19.5718985537206,19571.5183098415
967,27,79861.5059938455,24.9826594687172,28649.4694116636
968,55,72369.0662226891,32.5796047029793,27318.3363723758
969,44,55894.851242799,26.8917446624153,20864.9200838906
970,68,70040.4309409649,25.449388902441,25839.2411672502
971,46,71004.2955729622,6.30416069812873,20595.1432747014
972,47,78376.2883289645,28.3580995545678,26196.7736579393
973,40,56153.9318385219,48.3442434731133,23959.4332814053
974,66,77989.3650369861,32.522996433655,28075.2238561833
975,38,70108.1963138421,52.5768694682241,29929.4133708431
976,19,72682.4464742032,43.4361201048985,27910.4882360641
977,40,63500.7050056342,31.8227850396026,22336.4370534978
978,36,66879.0278978107,34.5450505995798,25466.0459340372
979,36,67861.7669715081,-0.229837741568723,19411.3596417163
980,69,64209.8678433419,39.4327125654318,26095.3594519459
981,30,68550.7171982303,28.443431155107,23373.9703558028
982,50,68045.1934144774,41.7746634498833,24663.1217311369
983,55,65072.3076950949,16.9907840810981,21876.2956085833
984,54,71120.1151694331,29.2152371579621,24987.1229026597
985,67,83077.919905693,26.9420749990129,30902.9038617121
986,24,68651.6336244346,40.4369362849512,25734.2397492474
987,43,54778.2477893414,19.3323448917909,19174.2812755756
988,34,66033.4491937126,24.093719304133,23735.225388169
989,64,77440.4317841851,16.6791438366254,26470.4358731179
990,54,58570.8526331913,23.0499857803997,20551.7376138123
991,54,62036.4184469124,28.2963885795248,24318.9484065863
992,49,54807.7093214148,24.4625893923696,19095.348002206
993,62,77833.8556184657,20.5374681434466,27296.9348981976
994,57,67275.799756021,37.7975690631685,26276.6662217034
995,68,81884.1659709955,22.2792510157705,26815.9756490893
996,50,82255.1106749751,8.83617267471556,25944.0581514063
997,53,71741.4247931659,16.2729811307117,25403.5394235032
998,67,67839.4797806377,23.4188477363418,23214.5523231862
999,21,68527.0269528443,10.3830370548442,21455.7309949085
1000,57,74410.6995247609,22.9480620672628,26832.8041374265
